id;name;created;description
1;Table Fish;2021-06-10;cyan Forward forecast
2;Agent;2021-06-10;radical Configuration Director
3;Center;2021-06-10;generate
4;Sudan Mall toolset;2021-06-10;synthesizing Developer
5;Representative parsing;2021-06-10;driver Soft Books
6;Loan Points violet;2021-06-10;override
7;programming cross-platform Consultant;2021-06-10;Developer Fish
8;withdrawal Australian;2021-06-10;Buckinghamshire
9;Club architectures;2021-06-09;backing deposit
10;CSS navigate;2021-06-10;back-end
