id;name;description;created
1;Accountability payment;Coordinator Soft bypass;2021-06-10
2;bypass;Credit payment synthesizing;2021-06-10
3;Pants eyeballs Dirham;calculating viral compressing;2021-06-10
4;intelligence;Internal;2021-06-10
5;Licensed Account microchip;SCSI Ports;2021-06-10
6;exuding Generic Buckinghamshire;Mouse;2021-06-10
7;Communications RAM;infrastructures Soap Alaska;2021-06-10
8;TCP &;Technician;2021-06-10
9;system Market;Missouri;2021-06-10
10;bypass Chair magnetic;digital Garden Division;2021-06-10
